country,macro_region,meso_region,development_level,gdp_per_capita,gdp_volume,hdi,ECI,code,country_population_2018,country_population_2018_level,lat,lon,count,relative_1M_count
afghanistan,Asia,Southern Asia,Developing economies,1935.0,70220349482.0,0.496,,AFG,37171922.0,5-50M,33.0,65.0,11,0.29592228241520574
albania,Europe,Southern Europe,Transition economies,12930.0,37154193490.0,0.7909999999999999,-0.781571,ALB,2882735.0,1-5M,41.0,20.0,146,50.64634799938253
algeria,Africa,Northern Africa,Developing economies,15266.0,631867579050.0,0.759,-0.811671,DZA,42228415.0,5-50M,28.0,3.0,431,10.206397753739987
andorra,Europe,Southern Europe,Developed economies,42030.0,3236543909.0,0.857,,AND,77008.0,<100k,42.3,1.3,108,1402.451693330563
angola,Africa,Middle Africa,Developing economies,6651.0,198298815204.0,0.574,-1.3177,AGO,30809787.0,5-50M,-12.3,18.3,66,2.1421764454262537
antigua and barbuda,Americas,Caribbean,Developing economies,25146.0,2399538417.0,0.7759999999999999,,ATG,96282.0,<100k,17.03,-61.48,15,155.7923599426684
argentina,Americas,South America,Developing economies,20843.0,918032825601.0,0.83,0.232335,ARG,44361150.0,5-50M,-34.0,-64.0,29044,654.7170215379899
armenia,Asia,Western Asia,Transition economies,9621.0,28331472880.0,0.76,,ARM,2951741.0,1-5M,40.0,45.0,1108,375.3716874210847
aruba,Americas,Caribbean,Developing economies,39455.0,4157176527.0,0.934,1.30343,ABW,105846.0,100k-1M,12.3,-69.58,15,141.7153222606428
australia,Oceania,Oceania,Developed economies,49654.0,1221573766769.0,0.938,0.08630349999999999,AUS,24898153.0,5-50M,-27.0,133.0,73816,2964.7179049787346
austria,Europe,Western Europe,Developed economies,53879.0,474006678909.0,0.914,1.62894,AUT,8891383.0,5-50M,47.2,13.2,11911,1339.6116217240894
azerbaijan,Asia,Western Asia,Transition economies,17525.0,172694683819.0,0.754,-0.654587,AZE,9949537.0,5-50M,40.3,47.3,796,80.00372278629649
bahrain,Asia,Western Asia,Developing economies,47660.0,71208283858.0,0.838,,BHR,1569440.0,1-5M,0.13,-176.28,807,514.1961463961668
bangladesh,Asia,Southern Asia,Developing economies,3998.0,638430000421.0,0.614,-1.71442,BGD,161376713.0,100-500M,24.0,90.0,1621,10.044819787598474
barbados,Americas,Caribbean,Developing economies,18526.0,5302755008.0,0.813,,BRB,286640.0,100k-1M,13.1,-59.32,23,80.24002232765838
belarus,Europe,Eastern Europe,Transition economies,18916.0,179668590897.0,0.8170000000000001,0.743075,BLR,9452615.0,5-50M,53.0,28.0,7293,771.5325335899114
belgium,Europe,Western Europe,Developed economies,49412.0,562067818085.0,0.919,0.90581,BEL,11482180.0,5-50M,50.5,4.0,23970,2087.582671583271
belize,Americas,Central America,Developing economies,8500.0,3194203642.0,0.72,,BLZ,383071.0,100k-1M,17.15,-88.45,20,52.20964259889159
benin,Africa,Western Africa,Developing economies,2277.0,25441421706.0,0.52,,BEN,11485035.0,5-50M,9.3,2.15,15,1.3060473912356383
bermuda,Americas,Northern America,Developed economies,99400.0,6127000000.0,,,BMU,62763.0,<100k,32.2,-64.45,31,493.92157799977696
bhutan,Asia,Southern Asia,Developing economies,10173.0,7584701339.0,0.617,,BTN,754396.0,100k-1M,27.3,90.3,18,23.86014772082567
bolivia,Americas,South America,Developing economies,7480.0,83723411343.0,0.703,-1.07744,BOL,11353140.0,5-50M,-17.0,-65.0,222,19.55406169570709
bosnia and herzegovina,Europe,Southern Europe,Transition economies,13735.0,46033486454.0,0.769,0.372865,BIH,3323929.0,1-5M,44.0,18.0,806,242.48412044902284
botswana,Africa,Southern Africa,Developing economies,17785.0,39217883524.0,0.728,-0.790862,BWA,2254067.0,1-5M,-22.0,24.0,13,5.767352966881641
brazil,Americas,South America,Developing economies,15662.0,3255144799735.0,0.7609999999999999,0.608252,BRA,209469320.0,100-500M,-10.0,-55.0,49154,234.6596628088543
british virgin islands,Americas,Caribbean,Developing economies,34200.0,500000000.0,,,VGB,29795.0,<100k,18.3,-64.3,12,402.75213962074173
brunei,Asia,South-eastern Asia,Developing economies,79790.0,33868533039.0,0.845,,BRN,428960.0,100k-1M,4.3,114.4,14,32.637075718015666
bulgaria,Europe,Eastern Europe,Developed economies,20948.0,148228312439.0,0.816,0.347659,BGR,7051610.0,5-50M,43.0,25.0,7525,1067.1321868339287
burkina faso,Africa,Western Africa,Developing economies,1866.0,35817942701.0,0.434,,BFA,19751466.0,5-50M,13.0,-2.0,5,0.2531457664965223
burundi,Africa,Eastern Africa,Developing economies,738.0,7990111828.0,0.423,,BDI,11175379.0,5-50M,-3.3,30.0,2,0.17896484763514509
cambodia,Asia,South-eastern Asia,Developing economies,4020.0,64352721029.0,0.581,-1.37692,KHM,16249795.0,5-50M,13.0,105.0,207,12.738622241080579
cameroon,Africa,Middle Africa,Developing economies,3645.0,89538347743.0,0.563,-1.01371,CMR,25216261.0,5-50M,6.0,12.0,48,1.9035335968326152
canada,Americas,Northern America,Developed economies,46723.0,1707282552959.0,0.922,1.05671,CAN,37074558.0,5-50M,60.0,-95.0,143333,3866.0744114602794
cape verde,Africa,Western Africa,Developing economies,7027.0,3776982885.0,0.6509999999999999,,CPV,543764.0,100k-1M,16.0,24.0,5,9.195165549760558
cayman islands,Americas,Caribbean,Developing economies,43800.0,2507000000.0,,,CYM,64172.0,<100k,19.3,-80.3,11,171.4143240042386
chile,Americas,South America,Developing economies,24249.0,447887103479.0,0.847,0.0443139,CHL,18729166.0,5-50M,-30.0,-71.0,11131,594.3137030234021
china,Asia,Eastern Asia,Developing economies,16782.0,23266768925142.0,0.758,0.691307,CHN,1427647789.0,>500M,35.0,105.0,32687,22.89570316422071
colombia,Americas,South America,Developing economies,14507.0,709420539907.0,0.7609999999999999,0.14435599999999998,COL,49661056.0,5-50M,4.0,-72.0,22816,459.4344510112713
costa rica,Americas,Central America,Developing economies,16976.0,84031346801.0,0.794,0.237988,CRI,4999443.0,1-5M,10.0,-84.0,3140,628.0699669943232
croatia,Europe,Southern Europe,Developed economies,26296.0,108457018713.0,0.8370000000000001,0.623091,HRV,4156407.0,1-5M,45.1,15.3,4870,1171.6850635657192
cuba,Americas,Caribbean,Developing economies,8541.0,96851000000.0,0.778,-0.379871,CUB,11338146.0,5-50M,21.3,-80.0,163,14.37624810969977
curaçao,Americas,Caribbean,Developing economies,27627.0,4425097204.0,0.934,1.30343,CUW,162753.0,100k-1M,10.12,-85.17,11,67.58707980805269
cyprus,Europe,Southern Europe,Developed economies,36155.0,31076457366.0,0.873,,CYP,1189262.0,1-5M,35.0,33.0,1119,940.9196627824651
czechia,Europe,Eastern Europe,Developed economies,38020.0,402796088544.0,0.8909999999999999,1.6431,CZE,10665679.0,5-50M,49.45,15.3,7752,726.8172987392552
côte d'ivoire,Africa,Western Africa,Developing economies,3922.0,95836748084.0,0.516,-1.12772,CIV,25069226.0,5-50M,8.0,-5.0,215,8.576252015120051
democratic republic of the congo,Africa,Middle Africa,Developing economies,889.0,72337232184.0,0.459,-1.29544,COD,84068092.0,50-100M,0.0,25.0,4,0.0475804779773044
denmark,Europe,Northern Europe,Developed economies,54356.0,313363852996.0,0.93,1.1577,DNK,5752131.0,5-50M,56.0,10.0,16598,2885.539289699765
dominican republic,Americas,Caribbean,Developing economies,16452.0,172957195643.0,0.745,-0.363374,DOM,10627147.0,5-50M,19.0,-70.4,659,62.010998812757556
ecuador,Americas,South America,Developing economies,11501.0,193048609623.0,0.758,-0.933232,ECU,17084359.0,5-50M,-2.0,-77.3,2940,172.087229026269
egypt,Africa,Northern Africa,Developing economies,11742.0,1132433757642.0,0.7,-0.319753,EGY,98423602.0,50-100M,27.0,30.0,10220,103.83688253961687
el salvador,Americas,Central America,Developing economies,7973.0,50931018430.0,0.667,-0.33621100000000004,SLV,6420740.0,5-50M,13.5,-88.55,532,82.85649317679893
eritrea,Africa,Eastern Africa,Developing economies,2103.0,6758835465.0,0.434,,ERI,3452797.0,1-5M,15.0,39.0,2,0.5792405403503305
estonia,Europe,Northern Europe,Developed economies,33448.0,44063633073.0,0.882,0.8984219999999999,EST,1322913.0,1-5M,59.0,26.0,1871,1414.3031325567138
eswatini,Africa,Southern Africa,Developing economies,10526.0,11839273856.0,0.608,,SWZ,1136274.0,1-5M,-26.33,31.27,4,3.520277679503359
ethiopia,Africa,Eastern Africa,Developing economies,1897.0,201867347380.0,0.47,-1.27445,ETH,109224410.0,100-500M,8.0,38.0,58,0.5310168303953301
federated states of micronesia,Oceania,Oceania,Developing economies,3504.0,390596546.3,0.614,,FSM,112640.0,100k-1M,7.3,150.15,3,26.633522727272727
fiji,Oceania,Oceania,Developing economies,10319.0,9054463164.0,0.7240000000000001,,FJI,883490.0,100k-1M,-18.0,175.0,4,4.527498896422144
finland,Europe,Northern Europe,Developed economies,46349.0,255299984722.0,0.925,1.7067900000000005,FIN,5522585.0,5-50M,64.0,26.0,4262,771.7400456489127
france,Europe,Western Europe,Developed economies,44256.0,2959179910621.0,0.8909999999999999,1.38964,FRA,64990512.0,50-100M,64.0,-2.0,83044,1277.786517515049
french guiana,Europe,Western Europe,Developed economies,20139.0,5447000.0,,,GUF,282936.0,100k-1M,4.0,-53.0,1,3.534368196341222
french polynesia,Oceania,Oceania,Developing economies,17000.0,4692000000.0,,,PYF,277673.0,100k-1M,-15.0,-140.0,37,133.25026199882595
gabon,Africa,Middle Africa,Developing economies,17762.0,36676229905.0,0.7020000000000001,-1.22477,GAB,2119275.0,1-5M,-1.0,11.45,2,0.943718960493565
georgia,Asia,Western Asia,Transition economies,10674.0,39793370089.0,0.7859999999999999,-0.0587891,GEO,4002946.0,1-5M,42.0,43.3,2151,537.3542386032686
germany,Europe,Western Europe,Developed economies,52574.0,4345630753850.0,0.9390000000000001,2.07537,DEU,83124413.0,50-100M,51.0,9.0,80348,966.5993069930009
ghana,Africa,Western Africa,Developing economies,4457.0,129804758999.0,0.596,-1.15388,GHA,29767108.0,5-50M,8.0,-2.0,181,6.080536947022196
gibraltar,Europe,Southern Europe,Developed economies,61700.0,2044000000.0,,,GIB,33715.0,<100k,36.08,-5.21,80,2372.8310840872014
greece,Europe,Southern Europe,Developed economies,28580.0,307366516012.0,0.872,0.125884,GRC,10522244.0,5-50M,39.0,22.0,10010,951.3179888244371
greenland,Americas,Northern America,Developed economies,41800.0,,,,GRL,56565.0,<100k,72.0,-40.0,39,689.4722885176345
guadeloupe,Europe,Western Europe,Developed economies,26855.0,11556000.0,,,GLP,399848.0,100k-1M,16.15,-61.35,18,45.01710650047018
guam,Oceania,Oceania,Developing economies,35600.0,5793000000.0,,,GUM,165770.0,100k-1M,13.28,144.47,2,12.064909211558183
guatemala,Americas,Central America,Developing economies,8167.0,138141876244.0,0.6509999999999999,-0.616793,GTM,17247855.0,5-50M,15.3,-90.15,845,48.99159924523948
guinea,Africa,Western Africa,Developing economies,2435.0,29387093923.0,0.466,-1.51688,GIN,12414292.0,5-50M,11.0,-10.0,1,0.08055231824738777
guyana,Americas,South America,Developing economies,8140.0,6310620920.0,0.67,,GUY,779007.0,100k-1M,5.0,-59.0,1,1.283685512453675
haiti,Americas,Caribbean,Developing economies,1819.0,19972602911.0,0.503,,HTI,11123183.0,5-50M,19.0,-72.25,18,1.6182418288002633
honduras,Americas,Central America,Developing economies,4917.0,46359852557.0,0.623,-0.744556,HND,9587523.0,5-50M,15.0,-86.3,291,30.351948047477958
hong kong,Asia,Eastern Asia,Developing economies,61500.0,455900000000.0,,,HKG,7371728.0,5-50M,22.15,114.1,19146,2597.2200819129516
hungary,Europe,Eastern Europe,Developed economies,28799.0,281880134196.0,0.845,1.38444,HUN,9707502.0,5-50M,47.0,20.0,15225,1568.37464468202
iceland,Europe,Northern Europe,Developed economies,55322.0,18997605752.0,0.938,,ISL,336712.0,100k-1M,65.0,-18.0,1555,4618.190025897503
india,Asia,Southern Asia,Developing economies,7169.0,9596835216103.0,0.647,0.35980700000000004,IND,1352642283.0,>500M,20.0,77.0,57877,42.788104976014566
indonesia,Asia,South-eastern Asia,Developing economies,12279.0,3249635337374.0,0.7070000000000001,-0.305644,IDN,267670549.0,100-500M,-5.0,120.0,13764,51.42142103948836
iran,Asia,Southern Asia,Developing economies,21011.0,1695063643475.0,0.797,-0.158038,IRN,81800204.0,50-100M,32.0,53.0,975,11.919285678065057
iraq,Asia,Western Asia,Developing economies,17415.0,653999308119.0,0.6890000000000001,,IRQ,38433604.0,5-50M,33.0,44.0,412,10.719785737502004
ireland,Europe,Northern Europe,Developed economies,77596.0,373035786125.0,0.9420000000000001,1.40023,IRL,4818694.0,1-5M,53.0,-8.0,21345,4429.62346229082
isle of man,Europe,Northern Europe,Developed economies,84600.0,6792000000.0,,,IMN,84073.0,<100k,54.15,-4.3,10,118.94425082963615
israel,Asia,Western Asia,Developed economies,38868.0,338666467124.0,0.9059999999999999,1.3146,ISR,8381507.0,5-50M,31.3,34.45,14206,1694.9219275244893
italy,Europe,Southern Europe,Developed economies,40981.0,2480871919343.0,0.883,1.11743,ITA,60627291.0,50-100M,42.5,12.5,110314,1819.543611143701
jamaica,Americas,Caribbean,Developing economies,8971.0,26202330526.0,0.726,-0.239734,JAM,2934853.0,1-5M,18.15,-77.3,183,62.35405998187984
japan,Asia,Eastern Asia,Developed economies,41959.0,5319800458212.0,0.915,2.30938,JPN,127202190.0,100-500M,36.0,138.0,27938,219.63458333539697
jordan,Asia,Western Asia,Developing economies,9130.0,89283185655.0,0.723,-0.149852,JOR,9965322.0,5-50M,31.0,36.0,1172,117.60784046917902
kazakhstan,Asia,Central Asia,Transition economies,26491.0,477835906053.0,0.8170000000000001,0.0883664,KAZ,18319616.0,5-50M,48.0,68.0,2550,139.1950573636478
kenya,Africa,Eastern Africa,Developing economies,3258.0,163629318215.0,0.579,-0.747829,KEN,51392570.0,50-100M,1.0,38.0,805,15.66374283286475
kuwait,Asia,Western Asia,Developing economies,72622.0,294560359598.0,0.8079999999999999,0.11607,KWT,4137314.0000000005,1-5M,29.3,45.45,296,71.54400173639225
kyrgyzstan,Asia,Central Asia,Transition economies,3734.0,23141637562.0,0.674,-0.286814,KGZ,6304025.0,5-50M,41.0,75.0,381,60.43757757940364
laos,Asia,South-eastern Asia,Developing economies,6940.0,48250969277.0,0.604,-1.25108,LAO,7061498.0,5-50M,18.0,105.0,11,1.5577431304236014
latvia,Europe,Northern Europe,Developed economies,28362.0,55086300806.0,0.8540000000000001,0.653054,LVA,1928461.0,1-5M,57.0,25.0,1640,850.4190647360771
lebanon,Asia,Western Asia,Developing economies,12814.0,87286452031.0,0.73,0.08032560000000001,LBN,6859408.0,5-50M,33.5,35.5,2425,353.5290509035182
lesotho,Africa,Southern Africa,Developing economies,3131.0,6548218774.0,0.518,,LSO,2108327.0,1-5M,-29.3,28.3,2,0.948619450398349
liberia,Africa,Western Africa,Developing economies,1293.0,6081936621.0,0.465,-0.8542690000000001,LBR,4818976.0,1-5M,6.3,-9.3,4,0.8300518616403153
libya,Africa,Northern Africa,Developing economies,19057.0,125407569402.0,0.708,-0.9654280000000001,LBY,6678565.0,5-50M,25.0,17.0,14,2.0962587022811037
liechtenstein,Europe,Western Europe,Developed economies,165028.0,6214633651.0,0.917,,LIE,37918.0,<100k,47.16,9.32,157,4140.513740176169
lithuania,Europe,Northern Europe,Developed economies,33253.0,94052437740.0,0.8690000000000001,0.675449,LTU,2801270.0,1-5M,56.0,24.0,4316,1540.729740439158
luxembourg,Europe,Western Europe,Developed economies,107641.0,64189940522.0,0.909,,LUX,604244.0,100k-1M,49.45,6.1,698,1155.1624840296304
macao,Asia,Eastern Asia,Developing economies,114000.0,71800000000.0,,,MAC,631633.0,100k-1M,22.1,113.33,403,638.0287287079681
madagascar,Africa,Eastern Africa,Developing economies,1560.0,39900329809.0,0.521,-1.45882,MDG,26262313.0,5-50M,-20.0,47.0,10,0.38077377266808143
malawi,Africa,Eastern Africa,Developing economies,1270.0,22434950110.0,0.485,-0.7687149999999999,MWI,18143215.0,5-50M,-13.3,34.0,29,1.5983936694791965
malaysia,Asia,South-eastern Asia,Developing economies,30004.0,933277705782.0,0.804,0.9713719999999999,MYS,31528033.0,5-50M,2.3,112.3,11984,380.1061740832357
maldives,Asia,Southern Asia,Developing economies,14669.0,7281568559.0,0.7190000000000001,,MDV,515703.99999999994,100k-1M,3.15,73.0,37,71.74658331135691
mali,Africa,Western Africa,Developing economies,2222.0,41130057354.0,0.4270000000000001,-0.7677970000000001,MLI,19077755.0,5-50M,17.0,-4.0,23,1.205592586758767
malta,Europe,Southern Europe,Developed economies,41549.0,19444751558.0,0.885,,MLT,439255.0,100k-1M,35.5,14.35,840,1912.3288294953957
martinique,Europe,Western Europe,Developed economies,30056.0,11314000.0,,,MTQ,375672.0,100k-1M,14.4,-61.0,59,157.05189633510082
mauritania,Africa,Western Africa,Developing economies,4067.0,17415817943.0,0.527,-0.9631139999999999,MRT,4403312.0,1-5M,20.0,-12.0,2,0.4542035631361121
mauritius,Africa,Eastern Africa,Developing economies,22355.0,28270664554.0,0.7959999999999999,-0.579654,MUS,1267184.0,1-5M,-20.17,57.33,191,150.72791323122766
mayotte,Europe,Western Europe,Developed economies,13163.0,3216000.0,,,MYT,259526.0,100k-1M,-12.5,45.1,5,19.265892434669357
mexico,Americas,Northern America,Developing economies,19432.0,2424699686101.0,0.767,1.09955,MEX,126190782.0,100-500M,23.0,-102.0,30086,238.41678071223936
moldova,Europe,Eastern Europe,Transition economies,6859.0,24343552149.0,0.711,-0.464417,MDA,4051950.0,1-5M,47.0,29.0,742,183.12170683251273
monaco,Europe,Western Europe,Developed economies,166726.0,6400946586.0,0.956,,MCO,38682.0,<100k,43.44,7.24,141,3645.106250969443
mongolia,Asia,Eastern Asia,Developing economies,12787.0,39816777184.0,0.735,-0.78801,MNG,3170214.0,1-5M,46.0,105.0,390,123.02008634117445
montenegro,Europe,Southern Europe,Transition economies,19355.0,12046041760.0,0.816,,MNE,627803.0,100k-1M,42.3,19.18,154,245.29987910220245
morocco,Africa,Northern Africa,Developing economies,8261.0,298504421064.0,0.6759999999999999,-0.89235,MAR,36029089.0,5-50M,32.0,-5.0,1061,29.44842707513365
mozambique,Africa,Eastern Africa,Developing economies,1295.0,37093252342.0,0.446,-1.24908,MOZ,29496009.0,5-50M,-18.15,35.0,175,5.933006055158174
myanmar (burma),Asia,South-eastern Asia,Developing economies,6172.0,329498250575.0,0.584,-1.27821,MMR,53708318.0,50-100M,11.0,98.0,122,2.2715289650292156
namibia,Africa,Southern Africa,Developing economies,11104.0,26679511307.0,0.645,-0.381863,NAM,2448300.0,1-5M,-22.0,17.0,60,24.506800637176816
nepal,Asia,Southern Asia,Developing economies,2867.0,79194311734.0,0.579,,NPL,28095712.0,5-50M,28.0,84.0,507,18.04545832474365
netherlands,Europe,Western Europe,Developed economies,54503.0,933708429416.0,0.934,1.30343,NLD,17059560.0,5-50M,52.3,5.45,53978,3164.0909847616235
new caledonia,Oceania,Oceania,Developing economies,,,,,NCL,279986.0,100k-1M,-21.3,165.3,57,203.58160765181117
new zealand,Oceania,Oceania,Developed economies,40439.0,193858465262.0,0.9209999999999999,0.483484,NZL,4743131.0,1-5M,-41.0,174.0,5992,1263.30054978452
nicaragua,Americas,Central America,Developing economies,5687.0,36311830072.0,0.6509999999999999,-1.33756,NIC,6465502.0,5-50M,13.0,-85.0,315,48.72011484955074
nigeria,Africa,Western Africa,Developing economies,5888.0,1123780567076.0,0.534,-1.90268,NGA,195874685.0,100-500M,10.0,8.0,1616,8.250172808191115
north korea,Asia,Eastern Asia,Developing economies,,,,,PRK,25549606.0,5-50M,40.0,127.0,48,1.8786982468535913
north macedonia,Europe,Southern Europe,Transition economies,15299.0,31852356726.0,0.759,-0.29030300000000003,MKD,2082956.9999999998,1-5M,41.99,21.44,688,330.29966533154555
norway,Europe,Northern Europe,Developed economies,62183.0,328136868121.0,0.9540000000000001,1.09466,NOR,5337960.0,5-50M,62.0,10.0,8559,1603.4215318211452
oman,Asia,Western Asia,Developing economies,41068.0,191622190134.0,0.8340000000000001,-0.0609077,OMN,4829476.0,1-5M,21.0,57.0,403,83.44590593265191
pakistan,Asia,Southern Asia,Developing economies,5249.0,1091292607466.0,0.56,-0.859978,PAK,212228288.0,100-500M,30.0,70.0,2318,10.922200908485866
panama,Americas,Central America,Developing economies,24472.0,100500940363.0,0.795,0.119062,PAN,4176868.0000000005,1-5M,9.0,-80.0,92,22.02607312464746
papua new guinea,Oceania,Oceania,Developing economies,4269.0,36025584650.0,0.5429999999999999,-2.00821,PNG,8606324.0,5-50M,-6.0,147.0,1,0.11619362691899585
paraguay,Americas,South America,Developing economies,12972.0,89077357209.0,0.7240000000000001,-0.676455,PRY,6956069.0,5-50M,-23.0,-58.0,305,43.846603591770005
peru,Americas,South America,Developing economies,13772.0,433059982554.0,0.759,-0.598962,PER,31989265.0,5-50M,-10.0,-76.0,3580,111.91254316096352
philippines,Asia,South-eastern Asia,Developing economies,8340.0,877179868894.0,0.7120000000000001,0.381087,PHL,106651394.0,100-500M,13.0,122.0,9954,93.33211340866299
poland,Europe,Eastern Europe,Developed economies,29931.0,1136624204731.0,0.872,1.0943200000000002,POL,37921585.0,5-50M,52.0,20.0,39869,1051.3537342914333
portugal,Europe,Southern Europe,Developed economies,32554.0,335319032432.0,0.85,0.25855500000000003,PRT,10256192.0,5-50M,39.3,-8.0,25287,2465.534966584089
puerto rico,Americas,Northern America,Developed economies,39400.0,130000000000.0,,,PRI,3039598.0,1-5M,18.15,-66.3,392,128.96442226899742
qatar,Asia,Western Asia,Developing economies,124609.0,339525961614.0,0.848,0.396207,QAT,2781682.0,1-5M,25.3,51.15,2584,928.9343641724683
romania,Europe,Eastern Europe,Developed economies,26596.0,520940817179.0,0.816,0.713669,ROU,19506110.0,5-50M,46.0,25.0,12177,624.2659351351961
russia,Europe,Eastern Europe,Transition economies,25767.0,3783634636967.0,0.8240000000000001,0.852045,RUS,145734034.0,100-500M,60.0,100.0,694183,4763.3554149746515
rwanda,Africa,Eastern Africa,Developing economies,2082.0,24947828862.0,0.536,,RWA,12301969.0,5-50M,-2.0,30.0,24,1.9509072084314307
réunion,Europe,Western Europe,Developed economies,27793.0,23858000.0,,,REU,882531.0,100k-1M,-21.06,55.36,188,213.0236784883477
saint barthélemy,Americas,Caribbean,Developing economies,,,,,BLM,9824.0,<100k,17.9,-62.85,2,203.5830618892508
saint kitts and nevis,Americas,Caribbean,Developing economies,19829.0,1039875050.0,0.777,,KNA,52438.0,<100k,17.2,-62.45,3,57.210419924482245
saint lucia,Americas,Caribbean,Developing economies,10315.0,1876189778.0,0.745,,LCA,181890.0,100k-1M,13.53,-60.58,8,43.98262686238936
san marino,Europe,Southern Europe,Developed economies,63037.0,2122523062.0,0.961,,SMR,33784.0,<100k,43.46,12.25,12,355.1977267345489
saudi arabia,Asia,Western Asia,Developing economies,53693.0,1777204555788.0,0.857,0.747155,SAU,33702757.0,5-50M,25.0,45.0,2351,69.75690445740092
senegal,Africa,Western Africa,Developing economies,3556.0,54833442984.0,0.514,-0.518687,SEN,15854324.0,5-50M,14.0,-14.0,35,2.2075996428482223
serbia,Europe,Southern Europe,Transition economies,16433.0,115376917157.0,0.799,0.5329470000000001,SRB,8802741.0,5-50M,44.0,21.0,5878,667.7465575779181
seychelles,Africa,Eastern Africa,Developing economies,29062.0,2785414459.0,0.8009999999999999,,SYC,97094.0,<100k,-4.35,55.4,4,41.19719035161802
sierra leone,Africa,Western Africa,Developing economies,1544.0,11565352170.0,0.4379999999999999,,SLE,7650149.0,5-50M,8.3,-11.3,6,0.7842984496118964
singapore,Asia,South-eastern Asia,Developing economies,96553.0,541877633642.0,0.935,1.86534,SGP,5757503.0,5-50M,1.22,103.48,25120,4363.002502994787
slovakia,Europe,Eastern Europe,Developed economies,32371.0,176074591775.0,0.857,1.3402,SVK,5453017.0,5-50M,48.4,19.3,3709,680.1739294045847
slovenia,Europe,Southern Europe,Developed economies,36153.0,74706917047.0,0.902,1.4319,SVN,2077835.9999999998,1-5M,46.07,14.49,2848,1370.6567794570892
solomon islands,Oceania,Oceania,Developing economies,2339.0,1487935001.0,0.557,,SLB,652856.0,100k-1M,-8.0,159.0,1,1.5317313465756615
somalia,Africa,Eastern Africa,Developing economies,,20440000000.0,,,SOM,15008225.0,5-50M,10.0,49.0,8,0.533041049158045
south africa,Africa,Southern Africa,Developing economies,13464.0,767462904046.0,0.705,0.26879699999999995,ZAF,57792520.0,50-100M,-29.0,24.0,13837,239.42544813757905
south korea,Asia,Eastern Asia,Developing economies,38824.0,1998129726322.0,0.9059999999999999,1.77613,KOR,51171700.0,50-100M,37.0,127.3,25680,501.83988415471833
south sudan,Africa,Eastern Africa,Developing economies,1812.0,19625017092.0,0.413,,SSD,10975924.0,5-50M,8.0,30.0,1,0.09110850257345077
spain,Europe,Southern Europe,Developed economies,39037.0,1818877781763.0,0.893,0.777415,ESP,46692863.0,5-50M,40.0,-4.0,72962,1562.5942662800524
sri lanka,Asia,Southern Asia,Developing economies,12879.0,276168455466.0,0.78,-0.901589,LKA,21228760.0,5-50M,7.0,81.0,1465,69.01015414937095
sudan,Africa,Northern Africa,Developing economies,4880.0,199180045866.0,0.508,-1.45787,SDN,41801532.0,5-50M,15.0,30.0,239,5.7174937990310974
suriname,Americas,South America,Developing economies,15002.0,8558820521.0,0.7240000000000001,,SUR,575987.0,100k-1M,4.0,-56.0,28,48.612208261644795
sweden,Europe,Northern Europe,Developed economies,51405.0,517013807222.0,0.937,1.80773,SWE,9971630.0,5-50M,62.0,15.0,20975,2103.467537403614
switzerland,Europe,Western Europe,Developed economies,66300.0,560353822654.0,0.946,2.24386,CHE,8525614.0,5-50M,47.0,8.0,25623,3005.4140382147257
syria,Asia,Western Asia,Developing economies,2033.0,40405006007.0,0.5489999999999999,-0.744963,SYR,16945062.0,5-50M,35.0,38.0,109,6.432552445072199
são tomé and príncipe,Africa,Middle Africa,Developing economies,3313.0,686029522.3,0.609,,STP,211032.0,100k-1M,1.0,7.0,5,23.693089199742218
taiwan,Asia,Eastern Asia,Developing economies,50500.0,1189000000000.0,,,TWN,23726460.0,5-50M,23.3,121.0,17708,746.3397405259782
tajikistan,Asia,Central Asia,Transition economies,3217.0,28564098681.0,0.6559999999999999,-1.10384,TJK,9100847.0,5-50M,39.0,71.0,49,5.384114247827702
tanzania,Africa,Eastern Africa,Developing economies,3090.0,163993183601.0,0.528,-1.01705,TZA,56313444.0,50-100M,-6.0,35.0,65,1.1542536805243166
thailand,Asia,South-eastern Asia,Developing economies,17917.0,1240047344586.0,0.765,0.711704,THA,69428454.0,50-100M,15.0,100.0,13396,192.94682839977972
the bahamas,Americas,Caribbean,Developing economies,31581.0,12056433993.0,0.805,,BHS,385635.0,100k-1M,26.0,50.33,21,54.45563810338792
timor-leste,Asia,South-eastern Asia,Developing economies,7416.0,9220301265.0,0.626,,TLS,1267975.0,1-5M,-9.13,124.56,5,3.943295411975788
togo,Africa,Western Africa,Developing economies,1683.0,12954602664.0,0.513,-0.462205,TGO,7889095.0,5-50M,8.0,1.1,2,0.2535145032478377
trinidad and tobago,Americas,Caribbean,Developing economies,31429.0,43499718859.0,0.799,-0.0506048,TTO,1389841.0,1-5M,11.0,-61.0,128,92.09686575658654
tunisia,Africa,Northern Africa,Developing economies,12047.0,137739272459.0,0.7390000000000001,-0.28762600000000005,TUN,11565203.0,5-50M,34.0,9.0,813,70.29707995614085
turkey,Asia,Western Asia,Developing economies,27879.0,2261007955426.0,0.807,0.175726,TUR,82340090.0,50-100M,39.0,35.0,19724,239.5430949856868
turkmenistan,Asia,Central Asia,Transition economies,18032.0,103823565374.0,0.71,-1.19506,TKM,5850902.0,5-50M,40.0,60.0,1,0.17091381807454645
uganda,Africa,Eastern Africa,Developing economies,1945.0,80075755458.0,0.528,-0.512514,UGA,42729032.0,5-50M,1.0,32.0,38,0.8893250846403448
ukraine,Europe,Eastern Europe,Transition economies,8694.0,369355686788.0,0.75,0.556886,UKR,44246158.0,5-50M,49.0,32.0,30804,696.196040343209
united arab emirates,Asia,Western Asia,Developing economies,73356.0,695942096146.0,0.866,0.128674,ARE,9630966.0,5-50M,24.0,54.0,21141,2195.1069082789827
united kingdom,Europe,Northern Europe,Developed economies,44896.0,2965796011802.0,0.92,1.53259,GBR,67141678.0,50-100M,54.0,-2.0,284884,4243.027706278059
united states,Americas,Northern America,Developed economies,59928.0,19485393853000.0,0.92,1.75541,USA,327096263.0,100-500M,38.0,-97.0,1928193,5894.879330981535
uruguay,Americas,South America,Developing economies,22728.0,78108553378.0,0.8079999999999999,0.207869,URY,3449290.0,1-5M,-33.0,-56.0,1452,420.95619678252626
uzbekistan,Asia,Central Asia,Transition economies,6645.0,215208283816.0,0.71,-0.847152,UZB,32476232.0,5-50M,41.0,64.0,394,12.131949297566294
vanuatu,Oceania,Oceania,Developing economies,3110.0,888024689.0,0.597,,VUT,292675.0,100k-1M,-16.0,167.0,13,44.41786965063637
venezuela,Americas,South America,Developing economies,18102.0,543891085574.0,0.726,-0.655229,VEN,28887117.0,5-50M,8.0,-66.0,1587,54.93798498479443
vietnam,Asia,South-eastern Asia,Developing economies,6858.0,648742261440.0,0.693,-0.623084,VNM,95545959.0,50-100M,16.1,107.5,8592,89.92531018501788
wallis and futuna,Europe,Western Europe,Developed economies,3800.0,,,,WLF,11653.0,<100k,-13.18,-176.12,40,3432.5924654595383
yemen,Asia,Western Asia,Developing economies,2645.0,73631685331.0,0.463,-0.97195,YEM,28498683.0,5-50M,15.0,48.0,117,4.105452873032764
zambia,Africa,Eastern Africa,Developing economies,4090.0,68933607044.0,0.591,-0.514087,ZMB,17351714.0,5-50M,-15.0,30.0,16,0.9220991079036919
zimbabwe,Africa,Eastern Africa,Developing economies,2826.0,40229128006.0,0.563,-0.811801,ZWE,14438812.0,5-50M,-20.0,30.0,70,4.848044285083842
